"Time [ms]","Force1.Force_x [newton]","Force1.Force_y [newton]"
0,-0.459518699969668,-721.859222030313
0.53975,-518.188821128235,-584.186282431599
1.0795,-818.64825882556,-367.569237107608
1.61925,-989.651854703381,-149.51875687265
